{"cameraMode":{"drawMode":0,"name":"Shaded","section":"Shading Mode"},"sceneLighting":true,"audioPlay":false,"sceneViewState":{"m_AlwaysRefresh":false,"showFog":true,"showSkybox":true,"showFlares":true,"showImageEffects":true,"showParticleSystems":true,"showVisualEffectGraphs":true,"m_FxEnabled":true},"in2DMode":false,"pivot":{"x":934.7633056640625,"y":507.477783203125,"z":-33.48042678833008},"rotation":{"x":-0.0014998370315879584,"y":0.01199964340776205,"z":0.00001799770507204812,"w":0.99992835521698},"size":538.0325927734375,"orthographic":false}