{"cameraMode":{"drawMode":0,"name":"Shaded","section":"Shading Mode"},"sceneLighting":true,"audioPlay":false,"sceneViewState":{"m_AlwaysRefresh":false,"showFog":true,"showSkybox":true,"showFlares":true,"showImageEffects":true,"showParticleSystems":true,"showVisualEffectGraphs":true,"m_FxEnabled":true},"in2DMode":false,"pivot":{"x":1092.2650146484375,"y":713.810302734375,"z":7.51373291015625},"rotation":{"x":0.0003090364916715771,"y":0.008995814248919487,"z":0.000013107697668601759,"w":0.9999731183052063},"size":477.462158203125,"orthographic":false}