{"cameraMode":{"drawMode":0,"name":"Shaded","section":"Shading Mode"},"sceneLighting":true,"audioPlay":false,"sceneViewState":{"m_AlwaysRefresh":false,"showFog":true,"showSkybox":true,"showFlares":true,"showImageEffects":true,"showParticleSystems":true,"showVisualEffectGraphs":true,"m_FxEnabled":true},"in2DMode":false,"pivot":{"x":976.2022705078125,"y":499.1397705078125,"z":-1.01483154296875},"rotation":{"x":0.012308763340115548,"y":-0.000003994935013906797,"z":0.000015932728274492547,"w":0.9999380707740784},"size":761.5515747070313,"orthographic":false}