{"cameraMode":{"drawMode":0,"name":"Shaded","section":"Shading Mode"},"sceneLighting":false,"audioPlay":false,"sceneViewState":{"m_AlwaysRefresh":false,"showFog":true,"showSkybox":false,"showFlares":true,"showImageEffects":true,"showParticleSystems":true,"showVisualEffectGraphs":true,"m_FxEnabled":true},"in2DMode":false,"pivot":{"x":966.8616943359375,"y":418.69146728515627,"z":94.23274230957031},"rotation":{"x":-0.01199662871658802,"y":0.02249641716480255,"z":0.0002700511540751904,"w":0.9996766448020935},"size":618.3220825195313,"orthographic":false}